courseName,courseLink,courseIntro,courseSchool,courseBook,courseAgenda,coursePreKnowledge
医患沟通学,https://www.icourse163.org/course/SDU-1002926013,"医患沟通学（Doctor-Patient communication），探索如何以沟通医患双方相关信息来优化诊疗伤病、改善医患关系，研究如何将心理和社会因素转化为积极有效的手段与方法，推进现代医学诊治伤病和维护健康。教学内容包括医患沟通理论基础、医患沟通技能与路径、各亚专业（包括内科、外科、妇产科、儿科等）医患沟通的特点及方法及医患纠纷等。
本课程计划分8周进行，主要参考教材为王锦帆、尹梅主编的《医患沟通》。任课教师包括医院质量管理方面的专家和从事一线临床工作的医生，教学经验丰富同时对各自专业的医患沟通特点又有独特的心得体会。教学内容基于教材，但又结合老师的临床经验和具体案例有所扩充。相信大家经过本门课程的学习会加深对于医患沟通重要性的认识，提高沟通技巧和能力，对各亚专科专业知识和医患沟通的特点更加熟悉和了解，对您的职业生涯有所助益。",山东大学,"1、医患沟通（本科临床/十二五规划）
作者：王锦帆、尹梅　主编
出 版 社：人民卫生出版社
出版时间:2013年03月","第一周 医患沟通导论
1.1沟通与交流的意义
1.2医患沟通的基本知识
1.3交流与沟通的影响因素
1.4 交流与沟通的技巧
医患沟通导论单元测试题
 第二周 医患沟通基础
2.1  医患关系
2.2 人际沟通的基本原理（一）
2.3人际沟通的基本原理（二）
医患沟通基础单元测试题
 第三周 医患沟通技能与路径
3.1 医患沟通技能（一）
3.2 医患沟通技能（二）
3.3 医学生医患沟通
医患沟通技能与路径单元测试题
 第四周 内科医患沟通一
5.1 内分泌科医患沟通（一）
5.2内分泌科医患沟通（二）
5.3内分泌科医患沟通（三）
5.4 神经内科医患沟通（一）
5.5神经内科医患沟通（二）
内科医患沟通一单元测试题
 第五周 内科医患沟通二
6.1 老年医学科医患沟通
6.2老年患者治疗中的积极沟通
6.3冠心病介入治疗患者的沟通
6.4肾脏科医患沟通（一）
6.5肾脏科医患沟通（二）
内科医患沟通二单元测试题
 第六周 妇产科医患沟通
7.1 妇科医患沟通（一）
7.2妇科医患沟通（二）
7.3妇科医患沟通（三）
7.4 产科医患沟通（一）
7.5产科医患沟通（二）
7.6产科医患沟通（三）
妇产科医患沟通单元测试题
 第七周 儿科医患沟通
8.1儿科疾病特征和儿童身心特点
8.2儿科医患沟通要点
8.3儿科常见医患沟通障碍及化解
儿科医患沟通单元测试题
 第八周 外科医患沟通与医患纠纷
9.1外科医患沟通与医患纠纷
9.2医患纠纷的原因
9.3怎样处理医患纠纷
外科医患沟通与医患纠纷单元测试题
 ",对医学及伦理学、人际沟通知识有初步的了解
品读道家智慧,https://www.icourse163.org/course/XJTU-1001522001,"儒家和道家，都是中国文化的主流。儒家塑造着国人的社会人格，道家则成就着国人的自然人格。道家的智慧，博大精深，学理深奥，以“道”为核心，以“自然”与“无为”为基本范畴，对为人处事与政治哲学有着深远的影响，具有重要的现代价值。
本课程主要分三大部分：道家的渊源和宗旨；老子其人其书其道；庄子其人其书其道。着重阐述了道家的渊源和宗旨，老子和庄子的智慧精要及其现代价值。",西安交通大学,"1．南怀瑾：《老子他说》，复旦大学出版社，2005年版；
2．陈鼓应：《庄子今注今译》，中华书局，2010年8月版；
3．鲍鹏山：《寂寞圣哲》（老庄部分），蒙古出版中心，2006年版；
4．《道德经》，王弼版即可；
5．孙通海：《庄子》，中华书局，2007年版。","第一周 道家的渊源和宗旨
1.1 绪论
1.2 道家的渊源
第一周 单元测试
第二周 道家的渊源和宗旨
第二周 单元测试
1.3 道家的宗旨：清
1.4 道家的宗旨：虚
1.5 道家的宗旨：卑
1.6 道家的宗旨：弱
第二周 单元作业
第三周 老子其人其书其道
第三周 单元测试
2.1 老子其人
2.2 老子其书：《道德经》
第三周 单元作业
第四周 老子其人其书其道
第四周 单元测试
2.3 上善若水：水善利万物而不争
2.4 上善若水：居善地与心善渊
2.5 上善若水：与善仁与言善信
2.6 上善若水：正善治和事善能
2.7 上善若水：动善时
第五周 老子其人其书其道
第五周 单元测试
2.8 反者道之动：返璞归真与反向思维
2.9 反者道之动：相反相成之无用之用
第六周 老子其人其书其道
第六周 单元测试
2.10 反者道之动之无为之为
2.11 反者道之动之福祸相依
第六周 单元作业
第七周 庄子其人其书其道
3.1 庄子其人
3.2 《庄子》其书
第八周 庄子其人其书其道
第八周 单元测试
3.3 庄子之境界
3.4 认识论之齐万物
3.5 认识论之齐是非
第九周 庄子其人其书其道
第九周 单元测试
3.6 认识论之齐生死
3.7 实践论之技近乎道","精读王弼版的《道德经》。
了解《庄子·内篇》各章大旨及寓言故事。"
老子的人生智慧,https://www.icourse163.org/course/NEU-1001769008,"   《老子的人生智慧》系列课程是针对高校本科生与研究生开设的中华传统文化教育的选修课程，以讲解老子的核心思想为主要内容，让学生了解一个真实的老子，领略老子的人生智慧，感受中国传统文化魅力。
   课程分为七个章节，分别为圣人无名；道法自然；无为而治；上善若水；知足常乐；见微知著；致虚守静。七个章节讲述了老子本人经历与他的核心思想内容，以及思想的现实意义。",东北大学,,"第一讲  圣人无名
第一讲  单元测验
1.1老子扑朔迷离的身世
1.2走上神坛的老子
1.3成了皇帝的老子
1.4老子即“道”，“道”即老子
第一讲  单元作业
第二讲  道法自然
第二讲  单元测验
2.1“道”既是虚无又是实存
2.2人法地，地法天，天法道，道法自然
2.3“道”的实用价值和老子的理想国
2.4修“道”者可以处事泰然
第二讲  单元作业
第三讲  无为而治
第三讲  单元测验
3.1顺“道”而为
3.2为无为，则无不治
3.3为政之道的要点在于不可恣意妄为
3.4君无为则民厚朴
第三讲  单元作业
第四讲  上善若水
第四讲  单元测验
4.1水的本性最接近于道
4.2.1智者之人品亦若水（一）
4.2.2智者之人品亦若水（二）
4.3柔弱者莫如水，坚强者亦莫如水
4.4保持谦卑者可成就大业
4.5宽容者可容得天下
第五讲 知足常乐
第五讲 单元测验
5.1智者行事皆知止
5.2寡欲恬淡福寿长
第五讲  单元作业
第六讲  见微知著
第六讲  单元测验
6.1小中见大，易中知难
6.2具有防微杜渐之智慧者明
6.3不忘初心大业成
第六讲  单元作业
第七讲  致虚守静
第七讲 单元测验
7.1痛苦是伴随我们人生的主色调
7.2虚静归根处泰然
7.3出生入死返本来
7.4安享宁静守淡泊",  本课程针对所有的对于老子思想、道家文化感兴趣的同学，属于零起点的通俗讲解课程，以历史、传统文化、汉语言等学科为研究对象更佳。
哲学与人生,https://www.icourse163.org/course/SDU-1002580001,          本课程主要面向广大在校大学生而设置，同时也欢迎社会各个阶层的关注和加入，因为人生是我们每个人在这个世界必须面对的一个过程。人从哪里来？人的一生应该怎么度过？人又会走向何处？可以说，从古至今，人类总以各种方式探究人生问题。于是，“什么样的人生才是有意义的生活？”便成为人类永恒的问题。为了实现有意义的生活，我们需要处理个人与自我、个人与家庭、个人与社会的各种关系，需要应对生活中遇到的各种困惑和挫折。本课程有助于学生培养健全的人格和应对生活问题的能力，实现快乐生活、完善自我的目标。,山东大学,"傅佩荣：《哲学与人生》，东方出版社，2012年。
维克多•弗兰克尔：《活出生命的意义》，华夏出版社，2015年。
泰勒•本—沙哈尔：《幸福的方法》，中信出版社，2013年。
培根：《百味人生》，华中科技大学出版社，2012年。
约翰•密尔：《论自由》，商务印书馆，2010年。
曼弗雷德•库恩：《康德传》，上海人民出版社，2010年。
叔本华：《叔本华人生哲学》，九州出版社，2009年。
周国平：《人文讲演录》，上海文艺出版社，2008年。
米奇•阿尔博姆：《相约星期二》，上海译文出版社，2007年。","第一章  哲学与人生概述
1.1 马加爵事件
1.2 复旦投毒案
1.3 杨元元事件
1.4 我们的教育缺什么？
1.5 生命教育或人生教育的演变
1.6 人生
1.7 哲学
1.8 哲学与人生的主要内容
第一章 单元测试题
第二章   人性、人格和认识你自己
2.1 人是什么？
2.2 人性是什么？
2.3 人性的一般理解
2.4 人格和人格形成的影响因素
2.5 认识你自己
第二章 单元测试题
第三章 家庭、权威与成长
3.1 什么是家庭教育（1）
3.2 什么是家庭教育（2）
3.3 家庭教育需要澄清的两个问题
3.4 家庭教养方式
3.5 大学生典型案例分析
第三章   单元测试题
第四章  寻找生命的另一半
4.1 什么是爱情？
4.2 如何识别真爱？
4.3 婚姻中的爱情
4.4 爱情要冷静
4.5 大学生恋爱的特点
第四章   单元测试
第五章  友谊：长久快乐的可靠保障
5.1 什么是友谊？
5.2 孔子的交友之道
5.3 友谊的作用
5.4 当代大学生的交友之道
第五章 单元测试
第六章  珍视生命：最基本的人生价值观
6.1  生命的宝贵
6.2  有限生命的超越
6.3  反对自杀——叔本华的观点
6.4  大学生轻生典型案例分析
第六章单元测试
第七章  追寻幸福：一个古老而常新的话题
7.1 什么是幸福？
7.2 幸福的结构与特征
7.3 实现幸福的外在条件和内在途径
7.4 美德与幸福
第七章单元测试
第八章  人生信仰：超越力量和最高价值
8.1 信仰的意义
8.2 孔子的信仰
8.3 老子的信仰
8.4 当代大学生信仰的确立
第八章单元测试",对人生的各种困惑感兴趣，愿意敞开心扉，用理性的方式解决问题。
孙子兵法鉴赏,https://www.icourse163.org/course/FZU-1001776003,"    本课程是一门学术性与实践性很强的校选修课。本课程已经开设了四期，全国有6万多人选修了该课程。
    2017年8月，陈润华老师的《孙子兵法鉴赏》中国大学MOOC教材由高等教育出版社列为全国高等学校重点规划系列教材正式出版，国内外正式发行。
    2017年12月，陈润华老师的《孙子兵法鉴赏》中国大学mooc课程，被国家教育部评为全国在线教育精品课程。
    《孙子兵法鉴赏》mooc课程主要内容包括三大部分：
    第一部分；《孙子兵法》的谋略致胜之道；
    第二部分：孙武的知彼知己、知天知地、全争天下的国家战略战术思想鉴赏；
    第三部分：孙武的知彼知己、知天知地的军队战略战术思想鉴赏。

    通过教学，让人们了解掌握孙武军事谋略知识或兵法的历史渊源、时代背景、特点和国内外研究、应用孙武兵法概况，以及了解掌握孙武的知彼知己、知天知地、全争天下的战略战术知识，明确战争或竞争是国家、民族、阶级、政治集团或人的群体、单个人的生死存亡的大事，并且学会鉴赏战略战术思想。此外，增强学生的国防意识、竞争意识，具备重视国家安全和个人生存与发展的建设能力；具备战略战术运筹、积极发挥主观能动性能力；具备初步充分运用智慧、借助自然及学科规律的处理事件的能力，针对学习、生活、工作的不同需要，能够善于运用所学的《孙子兵法》谋略知识。为今后学习后续课程及今后的工作打下不可缺少的必要基础。
    《<孙子兵法>鉴赏》（Appreciation of Master Sun's Art of War ）通过对《孙子兵法》的战争哲学鉴赏，提高人们的战争与竞争的思想品质，他从知彼知己、知天知地的战略战术的艺术中掌握制胜之道，通过战争与竞争的战略战术智慧洗礼，提高战略战术思维水平和统帅之道的素养，构建和谐社会，加速中国和人类的和平发展。

《孙子兵法》——致胜之道
    1.《计　篇》　计胜之道
    2.《用间篇》　知彼之道
    3.《作战篇》　速胜之道
    4.《谋攻篇》　全胜之道
    5.《形　篇》　形胜之道
    6.《势　篇》　势胜之道
    8.《军争篇》　争胜之道
    9.《九变篇》　机胜之道
    10.《行军篇》　行胜之道
    11.《地形篇》　地胜之道
12.《九地篇》　客胜之道
13.《火攻篇》　天胜之道",福州大学,"https://www.chenrunhua.com/
    1.《孙子兵法鉴赏》中国大学MOOC教材  陈润华 著 高等教育出版社 2017年8月
    2.《孙子》解故  张文穆 遗著、国防大学出版社、1987年12月
    3.《世界兵学双璧<孙子兵法>、<战争论>研究》薛国安著、西苑出版社、1998年
    4.《活学活用孙子兵法》鲁玉莹  沈阳出版社 2000年10月
    5..《<孙子兵法>鉴赏》 陈润华 编著、军事科学出版社、2001年8月
    6.《<孙子兵法>解读》黄朴民 孙建民 高润浩编著、解放军文艺出版社、2003年1月
    7.《谋略艺术教程》 陈润华 柴宇球编、军事科学出版社、2008年8月
    8.《孙子兵法新说》 吴如嵩 著、解放军出版社、2008年1月
    9.《孙子兵法教程》陈润华 编著、军事科学出版社、2008年8月
    10.《孙子兵法结构研究》 付朝 著、解放军出版社、2010年1月
    11.《孙子兵法教程》  任力 主编、军事科学出版社、2013年12月
    12.《权力向善——我读<孙子兵法>》张国驥 著、岳麓书社出版社、2015年6月
    13.《军事理论教学法》陈润华著、高等教育出版社、2016年6月
    14.马骏解读《孙子兵法》 马骏 著、中华书局、2015年1月
    15、除上述教材外，参考资料还包括相关期刊文献资料。课程部分视频来自网络，为教学需要在此借鉴，如果侵犯到您的权益，请与我们团队联系。邮箱：1135942620@qq.com。
    16.课程引用了网上一些开放资源，在此对这些资源的提供者表示由衷地感谢！","第一周：谋略致胜之道——《孙子兵法》概述
1.1 把握《孙子兵法》核心思想精髓——让您致胜有道
1.2 掌握“知彼知己、百战不殆”内涵——让您纵横捭阖
1.3 学习《孙子兵法》战略战术体系——让您全争天下
第一周单元测验
第一周作业：简述存亡辩证关系
第二周　孙武的“计胜之道”——《孙子兵法》第一篇“计篇”鉴赏
2.1　计划、谋划与“庙算”决策——孙武计战思想概述
2.2　计胜之道：“察”——察胜之道　研究战争和竞争的逻辑起点
2.3　计胜之道：“经”——经胜之道　预测判断胜负可能的“五事”
2.4　计胜之道：“校”——校胜之道　比较力量运用能力的“七计”
2.5　计胜之道：“制”——制胜之道　争取计划实施的主动
2.6　计胜之道：“诡”——诡胜之道　攻其无备、出其不意
2.7　计胜之道：“算”——算胜之道　未战庙算、疏而不漏
2.8　计篇总结：“校之以计”——方能更好运筹帷幄
第二周单元测验
第二周作业：面对人类最残酷的战争或竞争，孙武的计篇给了您哪些启示？
第三周： 孙武的“知彼之道”——《孙子兵法》第十三篇“用间篇”鉴赏
3.1　先间后计再战、用间是用计的基础——孙武用间思想概述
3.2　知彼之道：知——以间侦敌的“成功之道”
3.3　知彼之道：类——五间俱起的“驭间之道”
3.4　知彼之道：道——用间使间的“间战之道”
3.5　知彼之道：系——谍报活动的“统战之道”
3.6　知彼之道：智——洞察利用的“智战之道”
3.7　用间篇总结：“上智用间”——准确知彼争赢天下
第三周单元测验
第三周：简述用间中的“五间”内涵，为何在“五间”中反间最为关键？并从你看过的影视片、历史故事中举1-2例说明。
第四周： 孙武的“速胜之道”——《孙子兵法》第二篇“作战篇”鉴赏
4.1　速战速决、以战养战——孙武速胜战略思想概述
4.2　速胜之道：金——物资装备是取胜的“基胜之道”
4.3　速胜之道：胜——兵贵胜不贵久的“决胜之道”
4.4　速胜之道：速——用兵速决与持久的“辩证之道”
4.5　速胜之道：输——可继可为、保障供给的“备战之道”
4.6　速胜之道：足——胜敌而益强的“养战之道”
4.7　速胜之道：善——务食于敌、善为己用的“胜敌之道”
4.8　作战篇总结：唯在速胜、务食于敌——赢取生存发展主动权
第四周单元测验
第四周作业：在分析战争投入的规模范围和影响危害的基础上，孙子提出了战争有效投入哪四项基本原则？并简要说明之。
第五周： 孙武的“全胜之道”——《孙子兵法》第三篇“谋攻篇”鉴赏
5.1　欲攻先谋、全策取胜——孙武谋攻战略思想概述
5.2　全胜之道：全——用兵最高境界的“全全之道”
5.3　全胜之道：谋——不战而屈人之兵的“全争之道”
5.4　全胜之道：用——不同兵力对比情况下的“用兵之道”
5.5　全胜之道：统——制胜万全之策唯在于将的“统御之道”
5.6　全胜之道：知——谋攻之秘在于审已料敌的“知胜之道”
5.7　谋攻篇总结：知彼善用、智谋胜敌——用全胜谋略、全知信息争胜天下
第五周单元测验
第五周作业：简述孙子提出的四大谋略原则，并至少举出1个例子说明之。
第六周：孙武的“形胜之道、势胜之道”——《孙子兵法》第四、五篇“军形篇、兵势篇”鉴赏
6a-b　第六周　学习目录概览
6a.1　善战善守　胜于无形——孙武“军形篇”战争实力论概述
6a.2　形胜之道：守——兵力部署总原则的“守胜之道”
6a.3　形胜之道：保——攻守选择原则的“保胜之道”
6a.4　形胜之道：道——战略控制总目标的“道胜之道”
6a.5　形胜之道：算——形势判断方法的“镒铢之道”
6a.6　军形篇总结：军事实力——强形无形胜有形
6b.1　活用巧用、因利制权——孙武“兵势篇”作战态势论概述
6b.2　势胜之道：造——完善组织力量系统的“造势之道”
6b.3　势胜之道：运——形成和发挥强大战斗力的“运势之道”
6b.4　势胜之道：奇——奇正变化和作用的“奇胜之道”
6b.5　势胜之道：战——战势姿态和方法的“战势之道”
6b.6　势胜之道：任——善战者断势利势的“任势之道”
6b.7　兵势篇总结：调控兵形、克敌制胜——作战指挥要造势用势
第六周单元测验
第六周作业：简述“军形篇”中的“守、保、道、算”的含义？
第七周：孙武的“致人之道、争胜之道”——《孙子兵法》第六、七篇 “虚实篇、军争篇” 鉴赏
第七周　学习目录概览
7a.1　致人而不致于人——孙武战争虚实关系论概述
7a.2　致人之道：致——转变虚实要诀的“致人之道”
7a.3　致人之道：转——转变虚实方法的“虚实运道”
7a.4　致人之道：察——虚实之秘的“察敌之道”
7a.5　致人之道：因——虚实之用的“因制之道”
7a.6　虚实篇总结：避实击虚  掌握主动 ——虚实篇核心是因敌制胜
7b.1　争胜方略和规律——孙武用兵战略战术思想概述
7b.2　争胜之道：迂——军争战斗总略的“迂胜之道”
7b.3　争胜之道：争——军争危险解法的“争胜之道”
7b.4　争胜之道：诈——军争兵以诈立的“诈胜之道”
7b.5　争胜之道：力——军争素养行为的“力胜之道”
7b.6　争胜之道：胜——军争后勤补给的“胜道之道”
7b.7　争胜之道：统——军争统一原则的“统帅之道”
7b.8　争胜之道：治——军争心战夺气的“心气之道”
7b.9　争胜之道：戒——军争用兵八戒的“戒胜之道”
7b.10　军争篇总结：以迂为直 以患为利——争夺有利制胜条件
第七周单元测验
第七周作业：孙武“致人而不致于人”的 四种战术思想是什么？
第八周：孙武的“机胜之道、行胜之道”——《孙子兵法》第八篇、九篇 “九变篇、行军篇” 鉴赏
8a-b　第八周　学习目录概览
8a.1　因地制宜、因情而变——孙武通变灵活用兵原则概述
8a.2　机胜之道：机——九变之利的“机胜之道”
8a.3　机胜之道：利——杂于利害的“尽利之道”
8a.4　机胜之道：必——覆军杀将的“必败之道”
8a.5　九变篇总结：机变行事、灵活多变地运用各种方法和原则
8b.1　处军相敌、精兵治军——孙武行军相敌用兵规律概述
8b.2　行胜之道：处——适战适行的“处军之道”
8b.3　行胜之道：相——见微知著的“相敌之道”
8b.4　行胜之道：精——精兵建军的“精用之道”
8b.5　行胜之道：统——军队管理的“统御之道”
8b.6　行军篇总结：行军有三——处军、相敌、治军
第八周单元测验
第八周作业 《虚实篇》、 《行军篇》对行业制胜的启示？
第九周：孙武的“客胜之道、地胜之道”——《孙子兵法》第十篇、十一篇 “九地篇、地形篇” 鉴赏
9a-b　第九周　学习目录概览
9a.1　利用地形以立胜——孙武地形与军事行动关系概述
9a.2　地胜之道：地——用地形以立胜的“地利之道”
9a.3　地胜之道：败——优劣强弱的“兵败之道”
9a.4　地胜之道：料——察敌知彼的“料胜之道”
9a.5　地胜之道：爱——爱育士兵的“爱胜之道”
9a.6　地胜之道：全——把握“四知”的“全胜之道”
9a.7　地形篇总结：地形——兵之助，将之道
9b.1　入敌决胜之法——孙武远程奔袭的战略进攻规律概述
9b.2　客胜之道：地——明九地及战法的“九地战道”
9b.3　客胜之道：夺——打敌要害的“夺爱胜道”
9b.4　客胜之道：决——攻其无备的“决胜之道”
9b.5　客胜之道：一 ——同舟共济的“一心之道”
9b.6　客胜之道：置——深入敌境的“置死生道”
9b.7　客胜之道：结——因势因地的“结友邻道”
9b.8　客胜之道：策——隐蔽准备的“策胜之道”
9b.9　客胜之道：千——随敌屈伸的“千里胜道”
9b.10　九地篇总结：进攻要掌握九地之变，人情之理和决胜之法
第九周单元测验
第九周作业：论《地形篇》、《九地篇》的作战地利之道和九地及战略突袭原理人生事业指导？
第十周：孙武的“天胜之道、制胜之道”——《孙子兵法》第十二篇鉴赏及全十三篇鉴赏总结
10a-b　第十周　学习目录概览
10a.1　孙武的火攻目标、条件及其法则概述
10a.2　天胜之道：火——速决战事的“火攻之道”
10a.3　天胜之道：水——借力致胜的“水攻之道”
10a.4　天胜之道：慎——安国全军的“慎战之道”
10a.5　火攻篇总结：火攻与兵攻相结合、慎重对待战争
10b.1　掌握《孙子兵法》——拥有战争和竞争的制胜之道
10b.2　孙武知彼知己、知天知地的战略战术通论
10b.3　孙武知己的战略战术
10b.4　孙武知彼的战略战术
10b.5　孙武知天知地的战略战术
10b.6　运用《孙子兵法》——谋略制胜、创造新天地
第十周单元测验
第十周单元作业：谈谈《火攻篇》的自然力运用和顶层设计、底线思维的《孙子兵法》谋略制胜魅力？","《孙子兵法》鉴赏MOOC将放在教育部中国MOOC大学平台面向全国，学习课程的对象有以下几类人员：
第1类：大学在校学生。《孙子兵法》鉴赏MOOC是大学的创新创业类通识课程，按照学籍管理规定，大学必须在线报名参加学习，并完成该课程的学生。教学和考核方式按照mooc/spoc方式进行，中国MOOC大学平台线上成绩占70%，大学线下集中笔试成绩占30%。成绩合格取得相应的学分。并获得由中国MOOC大学和福州大学授课教师联合签发课程结业证书，其中成绩“优秀”者将颁发优秀证书。证书分为免费证书（电子版）和认证证书（可查询验证的电子版和纸质版）
第2类：其他在校学生。大学非必修该科的学生及其他大学学生，可以通过中国MOOC大学平台报名参加线上学习，教学和考核方式按照中国MOOC大学的mooc方式进行，成绩合格的由中国MOOC大学和大学授课教师联合签发课程结业证书，其中成绩“优秀”者将颁发优秀证书。证书分为免费证书（电子版）和认证证书（可查询验证的电子版和纸质版）。
第3类：政界、军界、商界、学界及其他的爱好者等。可以通过中国MOOC大学平台报名参加线上学习，教学和考核方式按照中国MOOC大学的mooc方式进行，成绩获取方式同第2类。
针对以上3类学习者的特征，按照mooc的“最佳匹配策略”及“接近匹配策略”，采用“专业引导、兴趣激发、协调促进”角色匹配方式，准备对应教学内容的“激发、引导、调适”前导内容，提前宣传公告，让学生对将要学习的内容有一些事先的准备。
参加本mooc学习的学生,每周应安排出4-6小时时间，学习课程要求的学习内容，并应按照课程要求,完成随堂练习、单元测验、在线论坛讨论、按时完成课后互评作业、按时参加和完成单元测验、期中、期终考试。"
女性学：女性精神在现代社会中的挑战,https://www.icourse163.org/course/SCU-21017,"从家庭主妇到职场白领、从小脚妇女到铿锵玫瑰、从足不出户的闺阁到叱咤政坛的铁娘子，中  国女性历经百年的抗争，终于挣脱了封建的枷锁、父权的镣铐，走出家庭、融入社会，拥有与男性一样的平等权利，获得了作为公民的身份认同、而不单是为人女、为人妻、为人母的关系认同。在近现代迈向自由的价值追求中，女性成为了最大的受益者，有理由相信，今天的女性应该是世界上最幸福的一个群体，她们应该独立、果敢、自信、担当、知性、优雅、博爱、幸福---
然而，今天的女性并不是我们认为的那般美好，新的女性刻板印象逐渐形成，女强人、女汉子、剩女、小三、灭绝师太等新名词不断出现并被不断强化，女人被妖魔化；另一面，贤惠、温柔、娇媚、漂亮等传统女性形象被大加赞美和固化，女性自己也自我审查，以迎合社会的趣味。整容之风盛行、全职太太大增、学得好不如嫁得好的观念越来越有市场，女性的生存境遇实属堪忧，女性精神在现代遇到了新的挑战。 究其原因，一方面是根深蒂固的性别观念仍在一定程度上左右着我们，另一方面，由于改革开放的深入、市场经济的发展等，各种思潮汇集，各种欲望浮动，不断制造着新的女性问题。
今后的32节课程，我们会和同学们一起穿越历史，看看古代女性的生存状况，探寻那些影响我们的根深蒂固的性别观念，是怎样在历史的长河中被构造出来的；我们也会引领同学们进行一场思想之旅，沿着近现代的女性启蒙与解放之路，分析近现代的女性运动和女性思潮在力图解决女性问题的同时，又怎样制造了新的女性问题；最后我们会与同学们共同探讨当今社会中的各种纷繁复杂的女性问题与女性困惑。我们的目的是向同学们描述出造成女性精神与现代社会相冲突的原因，并尝试找出女性在面对现代性挑战时应当秉持的立场和应对的方法。本课程旨在为同学们描绘出独立、自由、自主与价值多样、感性色彩丰富的女性精神，这也是现代女性应对现代性挑战的核心竞争力。我们亦想通过对造成女性精神与现代社会关系紧张的成因分析，描绘出一套能够修正两性不平等关系的正义图谱，让两性能够一同反思，在一个愈加呈现价值多元、崇尚人格平等和公平竞争的现代社会中，人们应当怎样构筑与之适应的新的两性关系，最终达到与同学们一起尝试在新的性别关系下重塑新时代女性。",四川大学," 《西方妇女史》，裔昭印等著，商务印书馆,2009.
 《20世纪的中国妇女》，王国敏主编，四川大学出版社.
 《女性主义》，李银河著，山东人民出版社，2004.
  《第二性》，波伏娃著，郑克鲁译，上海译文出版社，2011.
  《政治学与女性主义》，巴巴拉·阿内尔著，顾肃译，东方出版社，2005.
  《女权辩护；妇女的屈从地位》，玛丽·沃斯通克拉夫特、穆勒著，商务印书馆，1995.","第一周  古代女性的生存境遇
1.0 绪论
1.1  古代自然主义的性别理论
1.2 古代社会的性别结构
第二周   古代女性的生存境遇
1.3 古代社会的性别制度
1.4 古代性别意识形态的形成
1.5 古代性别意识形态的强化——引以为戒
第三周  古代女性的生存境遇
1.6  古代性别意识形态的强化——引以为鉴
1.7  古代性别行为规范的制定
1.8  古代女性形体美的塑造
简述古代女性卑弱的根源，并进一步思考这些根源在今天还存在吗，如果在，我们该如何根除它们？
第四周  启蒙与塑造女性精神
2.1  女性精神的三次现代塑型
2.2  父权社会及女性定位
2.3  女人是人吗——启蒙理性与人的本质
第五周  继启蒙与女性精神
2.4 投票、教育与工作——第一次女性主义思潮
2.5 女人具有理性吗——《女权辩护》
2.6 女人可以成为平等公民吗——《论妇女的屈从地位》
第六周  现代性与成为女人
3.1 反思：第一波女性主义思潮与政治权利
3.2 女性精神与现代社会
3.3  话语权之争与女性视角
女性应当以什么样的姿态应对现代社会的挑战？
第七周  中国女性的启蒙与解放（一）民族大义
2.7.1   中国女性的启蒙与解放
2.7.2   中国女性的启蒙与解放
第十一周 女性精神在现代社会受到的挑战
5.1  反女性主义思潮
5.2  美丽陷阱
5.3  性的困惑
女性精神在现代社会受到的挑战有哪些？怎么办？
第八周 继现代性和成为女人
3.4  公共领域与女性自我意识的建构
3.5 女性精神的内核：自由与爱情
3.6 中国女性的启蒙与解放（二）阶级抗争
第九周  多元化与女性精神
4.1 现代性及其批判反思
4.2  女性意识与多元化
4.3 女性精神与身份认同
第十周  多元化与女性精神
4.4  女性问题的当代陷阱
4.5  中国女性的启蒙与解放之路（三）--改革春风
第十二周   女性精神在现代社会受到的挑战
5.4   玻璃天花板效应
5.5 羡慕嫉妒恨
6.0 结语",基本哲学常识、基本社会学方法
《新教伦理与资本主义精神》导读,https://www.icourse163.org/course/FUDAN-253001,"德国思想巨擘马克斯·韦伯在20世纪初，以其深邃的洞察力发现了欧洲文明进程中宗教信仰对近代资本主义诞生做出的特殊贡献，从而提出了不同于马克思“经济基础决定上层建筑”的历史发展观，并由此引发了一系列引人深思的文化、社会和宗教学问题。本课程将以对马克斯·韦伯的《新教伦理与资本主义精神》的深度阅读为基础，让学生对韦伯的宗教社会学研究有初步的了解，进而深入思考文化与社会互动的基本关系，提升学生的人文素养和培养独立思维精神。

本课程在系统介绍韦伯《新教伦理与资本主义精神》背景的基础上，让学生直接、深入阅读文本本身，同时补充一些欧洲文化史的相关内容（文艺复兴、新教改革、启蒙运动、资本主义兴起），并穿插一些韦伯社会研究方法论的基本观念（例如理想型、价值中立、选择亲缘性等），使得学生深入思考文化和社会之间的双向、互动的关系。此外，本课程还将着重培养学生扩展阅读（韦伯的其他著作，如《儒教与道教》、《经济与社会》等）和独立思考的能力。如有可能，本课程还将引导大家来反思个人生活的选择，例如对时间、金钱和职业的态度。",复旦大学,"本课程阅读的核心文本：
马克斯·韦伯著，康乐、简惠美译：《韦伯作品集XII：新教伦理与资本主义精神》，桂林：广西师范大学出版社，2008年。
马克斯·韦伯著，郁喆隽译：《新教伦理与资本主义精神》（选译本），浙江大学出版社，2018年。

韦伯原著的中译本推荐：
马克斯·韦伯著：《韦伯作品集I：学术与政治》，桂林：广西师范大学出版社，2008年。[韦伯在慕尼黑的讲演集。语言浅显易懂、分析缜密、论点明确。推荐指数：★★★★★]

马克斯·韦伯著：《韦伯作品集V：中国的宗教、宗教与世界》，桂林：广西师范大学出版社，2004年。[前半部分又称《儒教与道教》，是韦伯对中国影响最深的一本书，对中国社会的分析很有洞见。后半部分是韦伯对世界宗教伦理研究的总问题和纲领性文本。推荐指数：★★★★☆]
 马克斯·韦伯著，韩水法、莫茜译：《社会科学方法论》，北京：中央编译出版社，1999年。[根据德文版Gesammelte Aufsätze zur Wissenschaftslehre译出，是关于理解社会学方法论的重要著作，尤其详细分析了社会科学客观性和价值无涉观念。缺点是语言有点艰涩。推荐 指数：★★☆☆☆]
 马克斯·韦伯著，林荣远译：《经济与社会》，北京：商务印书馆，1997年。[韦伯思想的集大成著作，篇幅较大，可以有选择地阅读。推荐指数：★★☆☆☆]
 扩展阅读：
顾忠华著：《韦伯<新教伦理与资本主义精神>导读》，桂林：广西师范大学出版社，2005年。
迪 尔克·克斯勒著，郭峰译：《马克斯·韦伯的生平、著述及影响》，北京：法律出版社，2000年。[著者为德国韦伯研究专家，中文本直接从德文本Max Weber: Eine Einführung in Leben, Werk und Wirkung译出。比较系统和全面地介绍了韦伯思想的概况、发展和影响。推荐指数：★★★★☆]
 弗兰克·帕金著，刘东、谢维和译：《马克斯·韦伯》，成都：四川人民出版社，1987年。[“走向未来”丛书。关于韦伯生平的介绍只有5页，着重韦伯思想和方法论的介绍。推荐指数：★★★★☆]
 顾忠华著：《韦伯学说》，桂林：广西师范大学出版社，2004年。[推荐指数：★★★★★]
 哈特穆特·莱曼、京特·罗特编 ：《韦伯的新教伦理：由来、根据和背景》，沈阳：辽宁教育出版社，2001年。[1990年华盛顿会议文集。对于研究者很好，但对初学者有点太专业。推荐指数：★★☆☆☆]
 汉·诺·福根著，刘建军译：《马克斯·韦伯》，石家庄：河北教育出版社，2001年。[着重个人和家庭社会的传记，其中有不少他人对韦伯的评价。推荐指数：★★★☆☆]
 莱因哈特·本迪克斯著：《马克斯韦伯思想肖像》，上海：世纪出版集团、上海人民出版社，2007年。[20世纪60年代的作品，韦伯研究中的名著。较好地把握了韦伯思想中的内在矛盾，对其整体（宗教社会学、法学和统治类型）有很全面的梳理。推荐指数：★★★★☆]
 玛丽安尼·韦伯：《马克斯·韦伯传》，北京：商务印书馆，2010年。[韦伯妻子的长篇传记，篇幅较长，有800多页。推荐第10章“韦伯著述的新阶段”，内有关于价值无涉、理想型和《新教伦理》主要思路的梳理。推荐指数：★★★★☆]
 施路赫特著：《理性化与官僚化：对韦伯之研究与诠释》，桂林：广西师范大学出版社，2004年。
 D.G.麦克雷著，孙乃修译：《韦伯》，北京：中国社会科学出版社，1992年。[外国著名思想家译丛，短小精干的学术传记，推荐指数：★★★☆☆]
 余英时著：《中国近世宗教精神与商人伦理》，台北：联经出版事业公司，1987年。[受到韦伯《新教伦理》的启发而对中国儒家和商业文化之间关系的研究。推荐指数：★★★☆☆]
 苏国勋著：《理性化及其限制——韦伯思想引论》，上海：上海人民出版社，1988年。[中国大陆系统介绍韦伯的第一本专著。推荐指数：★★☆☆☆]

郁喆隽：“两种繁荣夹缝中的文本——对汉语学术界关于马克斯·韦伯《新教伦理与资本主义精神》误读的类型学分析”，刊：《基督教学术》，第8期，2009年，第128-148页。

郁喆隽：“马克斯·韦伯北美新教教派研究的宗教学意义”，刊：《当代宗教研究》，2014年第2期，第34-39页。","第1讲 导论：现时代的伦理危机
1.1 引言
1.2 何为反思
1.3 为何反思
1.4 如何反思
讨论：现时代的伦理危机
第一讲测验
第2讲 韦伯和他的时代
2.1 如何了解学者
2.2 韦伯的精神特征
2.3 韦伯其人（上）
2.4 韦伯其人（下）
2.5 韦伯的时代（上）
2.6 韦伯的时代（下）
讨论：韦伯和他的时代
第二讲测验
第3讲 宗教和资本主义
3.1 信仰与社会分层
3.2 出世与俗世：一种定式化的解释
3.3 何谓“苦行”
3.4 资本主义“精神”
3.5 路德的职业观
讨论：资本主义与铁笼
第三讲测验
第一次作业：铜墙铁壁
第4讲 基督宗教与西方文明
4.1 世界宗教状况
4.2 什么是基督宗教
4.3 基督宗教的历史脉络
4.4 基督宗教对西方文明的塑造
讨论：中国的宗教与宗教在中国
第四讲测验
第5讲 入世苦行的宗教基础
5.1 信仰与理性
5.2 苦行与新教教派
5.3 苦行与资本主义精神
讨论：理性与信仰
第五讲测验
第6讲 韦伯与亚洲
6.1 韦伯问题
6.2 儒教与道教
6.3 儒家伦理与东亚文明
6.4 总结与启示
讨论：儒家伦理与东亚文明
总结与启示
第六讲测验
第二次作业：新教伦理和当代人",对本课程而言，不存在麻瓜。——不需要特殊的专业背景，只要你对课程内容感兴趣就可以了。
《论语》人生课堂,https://www.icourse163.org/course/HLJU-1002007006,"《论语》是中国春秋时期一部语录体散文集，主要记载孔子及其弟子的言行，由孔子弟子及再传弟子编纂而成，较为集中地反映了孔子的思想。《论语》全书共20篇、492章，首创“语录体”。南宋时，朱熹将它与《孟子》《大学》《中庸》合为“四书”。
《论语》是中华民族的重要典籍，孔子是全天下华人共同的老师。但是，对于大部分现代人来说，《论语》中的男主角孔子，我们是既熟悉又陌生。主讲教师刘冬颖对于儒家文化精研多年，她在讲解中会跨越《论语》的篇章限制，突破语录体散文逻辑性匮乏的缺陷，采取“一以贯之”的方法，把孔子的思想整合起来，作系统说解。尽管名为“人生课堂”，但这门课程并不是心得式的主观体会，而是以《论语》这部经典为基础，并以古今相关文献加以印证，结合经典与考证，还原一个真实又丰富的魅力孔子，让孔子的智慧成为我们现代人人生路上的最佳指引，适合对于儒家文化感兴趣的读者观看学习。",黑龙江大学,"1.作者：杨伯峻

书名：《论语译注》

出版社：中华书局

出版时间：2009

   
2.作者：刘冬颖

书名：《孔子是怎样炼成的——《论语》人生课堂》

出版社：海燕出版社

出版时间：2015年



3.作者：南怀瑾

书名：《论语别裁》

出版社：复旦大学出版社

出版时间：2005年","第一周 孔子的真面目
第一周单元测试
1.1 孔子的相貌
1.2 孔子的个性气质
1.3 孔子的精神风貌
第二周 孔子的身世之谜
第二周单元测验
2.1 从先祖微子启说起
2.2 孔父叔梁纥的英勇事迹
2.3 孔父孔母的相识
2.4 老夫少妻惹争议
2.5 寡母独子凄凉度日
第三周 孔子的老师是谁
第三周单元测验
3.1 向郯子学历史文化
3.2 问礼于老子明显提升
3.3 与师襄子切磋琴艺
3.4 传说中的小老师项橐
第四周 孔子是怎样练成的
第四周章节测试
4.1母亲培养学习兴趣
4.2 洛邑访学影响深远
4.3 不断总结学习理论和方法
第五周 服饰中的礼仪
第五周 章节测试
5.1 讲究穿戴=讲究礼仪
5.2 服饰不等于气质
5.3 服饰鉴定人品
第六周 舌尖上的《论语》
第六周章节测试
6.1 每食必祭显恭敬
6.2 科学饮食最重要
6.3 饮食礼仪不可少
6.4 饮酒无量不及乱
6.5 陈蔡绝粮亦坦然
第七周 杏坛设教弦歌长
第七周 章节测试
7.1 银杏树下筑坛讲学
7.2 教育普及与公平
7.3 孔子的办学条件
7.4 私学的意义
第八周 孔子的生态理念
8.1 多识草木鸟兽，尊重自然
8.2 远离鬼神，肯定自然
8.3 以仁心待生灵万物
谈谈孔子的生态伦理观对当今社会的指导意义。
第九周 孔子醉心音乐
第九周 章节测试
9.1 孔子是音乐发烧友
9.2音乐中的礼仪
9.3音乐中的外交"," 本课程属于通识课程,欢迎所有对孔子思想、儒家文化感兴趣的同学。"
佛教文化,https://www.icourse163.org/course/WHU-1001533003,本课程通过佛教的形成发展、基本观念以及对中国文化的主要影响等内容的讲授，让同学们初步了解佛教源流的历史脉络，基本理解佛教对人生和世界的根本看法，较好认识佛教对中国传统思想、艺术和文学的主要影响。以此为基础，本课程希望为同学们勾勒出一个真实的佛教形象，并引导大家思考作为中国传统文化之一的佛教文化的现实意义和当代价值。,武汉大学,"1．高扬 荆三隆：《金刚经新解》，太白文艺出版社2007年；
2．魏道儒：《坛经译注》，中华书局2010年版；
3．方立天：《佛教哲学》，中国人民大学出版社2006年版；
4．杜继文：《佛教史》，江苏人民出版社2006年版；
5．杜继文 魏道儒：《中国禅宗通史》，江苏人民出版社2007年版；
6．葛兆光：《中国禅思想史》，北京大学出版社1995年版；
7．方广锠：《中国佛教文化大观》，北京大学出版社2001年版；
8．任继愈：《佛教大辞典》，江苏古籍出版社2002年版；
9．佛光大辞典在线版：https://www.fgs.org.tw/fgs_book/fgs_drser.aspx","第一周  佛教的形成
1.1  导言
1.2  佛教形成的社会背景
1.3  从太子到佛陀
1.4  佛教的早期传播
第二周  佛教的基本观念
2.1  四谛说（一）：苦谛
2.2  四谛说（二）：集谛
2.3  四谛说（三）：灭谛与道谛
2.4  三法印
第三周  佛教在印度的发展
3.1  原始佛教时期
3.2  部派佛教时期
3.3  大乘佛教时期
3.4  密教时期
单元作业（一）
第四周  佛教入华及其早期传播
4.1  佛教入华的时间与方式
4.2  佛教在汉魏西晋的传播
4.3  走向兴盛的东晋佛教（上）
4.4  走向兴盛的东晋佛教（下）
第五周  佛教在中国的发展
5.1  从外来文化到主流文化（上）
5.2  从外来文化到主流文化（下）
5.3  佛教发展历程的回顾与反思
第六周  禅宗的形成及其基本观念
6.1  禅宗前史概述
6.2  慧能与禅宗的形成
6.3  禅宗的基本观念
单元作业（二）
第七周  佛教与中国文化的新变
7.1  佛教与中国思想
7.2  佛教与中国艺术
7.3  佛教与中国文学
第八周  佛教智慧及其当代意义
8.1  《心经》解读（上）
8.2  《心经》解读（下）
8.3  佛教智慧的当代意义",具备有关佛教历史和中国历史的基本知识；对于佛教典籍，可先熟悉《心经》，最好能够背诵。
中国哲学史（先秦部分）,https://www.icourse163.org/course/WHU-20014,"    （一）课程教学目标：通过本课程的教与学，使学习者对中国哲学在先秦时期的发生发展历史有一个较系统、较完整、较清晰的了解和把握。
    （二）课程性质与定位：本课程属于全日制大学本科哲学专业的专业基础课。
    （三）课程设计思路：本课程以中国哲学在先秦时期的历史开展为主线，着重介绍先秦时期的重要哲学家、重要哲学派别、重要哲学典籍和他们的哲学思想。用本课程前辈学者的话说，这种思路对教师来说是“牵藤结瓜”，对学生来说则是“顺藤摸瓜”。所谓“藤”，指这一时期哲学开展的主线；所谓“瓜”，指这一时期的重要哲学家、重要哲学派别、重要哲学典籍和他们的哲学思想。在教与学中，教师与学生都要把握好这种“藤”与“瓜”的关系。
    为了适合MOOC课程的教学要求，使学习者能够在时间相对分散的条件下进行合理而有效的学习，现将“中国哲学史”课程按中国历史进程及中国哲学发展特点，划分成先秦、秦汉至隋唐、宋至清中叶、近代4个部分，每个部分作为一个独立的课程，以35左右课时进行讲授。
    为了让学习者对中国哲学的来龙去脉有较系统、较完整的了解，首先开设的是“中国哲学史（先秦部分）”课程。以后，将依照历史顺序继续开设“中国哲学史（秦汉至隋唐部分）”、“中国哲学史（宋至清中叶部分）”、“中国哲学史（近代部分）”等课程。学习者在对这四门课程进行学习后，也就达到了对全部“中国哲学史”课程学习的目的。
    “中国哲学史（先秦部分）”课程以中国哲学在先秦时期的历史开展为主线，着重介绍中国哲学发生和形成时代的重要哲学家、重要哲学派别、重要哲学典籍和他们的哲学思想。通过这门课程的学习，能够使学习者对中国哲学的历史源头，有一个较系统、较完整的了解和把握，为进一步了解和学习以后的中国哲学史内容打下一个好的基础。
    （四）课程教学传统：本课程是武汉大学哲学系在漫长历史岁月中所培养的一门优质本科基础课程，有着长达80多年的悠久教学传统，凝结着武汉大学几代中国哲学研究者的心血与智慧，并产生了有全国性影响的成果。早在20世纪30年代，著名哲学家范寿康教授即在珞珈山下主讲本课程。自20世纪50年代起，著名哲学史家萧萐父、李德永、唐明邦三先生开始讲授这门课程。进至20世纪80年代，在萧、李、唐三先生指导下，萧汉明、田文军、郭齐勇、李维武、徐水生等新一代教师接讲本课程。1994年、1997年、2002年，本课程三次连续被评为湖北省普通高等学校优质课程。1997年，本课程教学成果“中国哲学史课程建设和教学改革”获湖北省人民政府颁发的湖北省普通高校优秀教学成果二等奖。2005年，本课程评为国家精品课程。2013年，本课程评为国家级精品资源共享课程。
    （五）课程教学团队：本课程拥有实力强大的优秀教学团队，主讲教师有李维武教授、郭齐勇教授、徐水生教授、吴根友教授、丁四新教授、文碧方教授、秦平副教授；教学辅助教师有刘乐恒博士、连凡博士、郑泽绵博士。课程负责人是李维武教授。",武汉大学,"一、国家精品资源共享课“中国哲学史”：
https://www.icourses.cn/coursestatic/course_3083.html 

二、参考文献
（一）基本参考资料：
冯友兰著：《中国哲学史》上下册，中华书局1961年出版。
张岱年著：《中国哲学大纲》，中国社会科学出版社1982年出版。
郭齐勇编著：《中国哲学史》，高等教育出版社2006年出版。
《中国哲学史》编写组编：《中国哲学史》上下册，人民出版社、高等教育出版社2012年出版。
郭齐勇主编：《中国古典哲学名著选读》，人民出版社2005年出版。
萧萐父、李锦全主编：An Outline History of Chinese Philosophy（Ⅰ），外文出版社2008年出版。
 （二）进一步参考资料：
任继愈主编：《中国哲学发展史》先秦卷，人民出版社1983年出版。
郭沫若著：《中国古代社会研究》，人民出版社1954年出版。
李学勤主编：《中国古代文明与国家形成研究》，云南人民出版社1997年出版。
杨向奎著：《宗周社会与礼乐文明》修订本，人民出版社1997年出版。
陈来著：《古代宗教与伦理：儒家思想的根源》，商务印书馆1996年出版。
皮锡瑞著、周予同注释：《经学历史》，中华书局1959年出版。
皮锡瑞著：《经学通论》，中华书局1954年出版。
蒋伯潜著：《十三经概论》，上海世界书局1944年出版，上海古籍出版社1983年影印再版。
严正著：《五经哲学及其文化学的阐释》，齐鲁书社2001年出版。
钱穆著：《先秦诸子系年》上下册，中华书局1985年出版。
郭沫若著：《十批判书》，人民出版社1954年出版。
郭齐勇、吴根友撰：《中华文化通志·诸子学志》，上海人民出版社1998年出版。
徐复观著：《中国人性论史·先秦篇》，台湾商务印书馆1984年出版。
李泽厚著：《中国古代思想史论》，人民出版社1985年出版。
萧萐父总主编、李德永本卷主编：《中国辩证法史稿》第1卷，武汉大学出版社1990年出版。
李零著：《简帛古书与学术源流》，三联书店2004年出版。
王中江著：《简帛文明与古代思想世界》，北京大学出版社2011年出版。
丁四新著：《郭店楚墓竹简思想研究》，东方出版社2000年出版。
匡亚明著：《孔子评传》修订本，南京大学出版社1990年出版。
陈少明主编：《思史之间——〈论语〉的观念史释读》，上海三联书店2009年出版。
梁涛著：《郭店楚简与思孟学派》，中国人民大学出版社2008年出版。
杨泽波著：《孟子性善论研究》，中国社会科学出版社1995年出版。
周炽成著：《荀子韩非子的社会历史哲学》，中山大学出版社2002年出版。
孙中原著：《墨学通论》，辽宁教育出版社1993年出版。
沈有鼎著：《墨经的逻辑学》，中国社会科学出版社1980年出版。
方孝博著：《墨经中的数学和物理学》，中国社会科学出版社1983年出版。
孙以楷著：《老子通论》，安徽大学出版社2004年出版。
张松辉著：《老子研究》，人民出版社2006年出版。
崔大华著：《庄学研究》，人民出版社1992年出版。
王博著：《庄子哲学》，北京大学出版社2004年出版。
[美]本杰明·史华兹著：《古代中国的思想世界》，江苏人民出版社2004年出版。 ","第一讲   导论：中国哲学与中国哲学史研究
第一讲单元测验
1. “中国哲学史”全课介绍（1）
2. “中国哲学史”全课介绍（2）
3. 第一节 哲学与中国哲学（1）
4. 第一节 哲学与中国哲学（2）
5. 第二节  中国哲学的问题
6. 第三节  中国哲学的特点（1）
7.  第三节  中国哲学的特点（2）
8. 第四节  中国哲学史的研究（1）
9.  第四节  中国哲学史的研究（2）
第一讲作业
第二讲 中国哲学的开端
第二讲单元测验
1.宗教观念的产生与演变(一)
2.宗教观念的产生与演变（二）
3.箕子与五行思想的发生
4.《易经》与阴阳思想的发生
5.五行思想与阴阳思想的发展
6.历史意识的发生与人的初步觉醒
第二讲作业
第三讲    孔子与儒家哲学的开创
第三讲单元测验
第一节  孔子的时代与孔子的人生之一
孔子的时代与孔子的人生之二
第二节   “为仁由己”的人文精神之一
“为仁由己”的人文精神之二
第三节  由“仁”而“德”的伦理追求
第四节  “执两用中”的方法论
第三讲作业
第四讲
墨子与墨家哲学的形成
第四讲单元测验
第一节  墨子与墨家
第二节  “兼以易别”的社会理想之一
“兼以易别”的社会理想之二
“兼以易别”的社会理想之三
第三节 经验主义的认识论
第四节  墨子思想的历史影响
第四讲作业
第五讲    老子与道家哲学的发生
第一节  老子其人与《老子》其书
第二节  “道”的形上世界的开辟
第三节  “反者道之动”的辩证矛盾观
第四节  “小国寡民”的历史观与“无为而治” 的政治哲学
第五节  “静观”“玄览”的直觉认识论
第六节  老子思想的历史影响
第五讲单元测验
第五讲作业
第六讲  战国时期百家争鸣的开展
第六讲单元测验
第一节 儒家
第二节 墨家
第三节 道家；第四节 法家’
第五节（上）名家
第五节（下）名家    第六节 阴阳家
第六讲作业
第七讲  孟子对儒家哲学的发展
第一节  孟子其人与《孟子》其书
第二节 从孔子到孟子
第三节 性善论
第四节 天道论
第五节 政治哲学
第六节  孟子思想的历史影响
第七讲单元测验
第七讲作业
第八讲  庄子对道家哲学的推进
第八讲单元测验
第一节 庄子其人和庄子其书
第二节 道家学派的分化
第三节 “物物者非物”的本体论
第四节  相对主义的认识论之一
第四节 相对主义的认识论之二
第五节 追求自由的人生哲学
第六节  庄子思想的历史影响
第八讲作业
第九讲 荀子对儒家哲学的贡献
第九讲单元测验
第一讲  荀子其人与《荀子》其书
第二讲 “天人相分”的天人观之一
第三讲  “天人相分”的天人观之二
第四讲 “性伪相分”的人文观之一
第五讲  “性伪相分”的人文观之二
第六讲  “心有征知”的认识论之一
第七讲  “心有征知”的认识论之二
第八讲 荀子思想的历史影响
第九讲作业
第十讲 韩非对法家的集大成
第十讲单元测验
第一讲 韩非其人与《韩非》其书
第二讲 韩非之前的法家思想开展
第三讲 “古今异俗”的历史进化论
第四讲 “重视参验”的思维方法论
第五讲 法、术、势相统一的政治哲学
第六讲 韩非思想的历史影响
第十讲作业
第十一讲 易传：儒家对百家争鸣的总结
第十一讲单元测验
第一讲  《易传》其书
第二讲 儒家宇宙论的建立
第三讲 儒家辩证法的发展之一
第四讲 儒家辩证法的发展之二
第五讲 《易传》的人生哲学
第六讲 《易传》的历史影响
第十一讲作业
第十二讲  《吕氏春秋》的哲学思想
第一讲 吕不韦与《吕氏春秋》
第二讲 《吕氏春秋》与百家争鸣
第三讲 《吕氏春秋》的思维模式
第四讲 《吕氏春秋》的自然哲学
第五讲 《吕氏春秋》的政治哲学
第六讲 《吕氏春秋》的历史影响",    哲学基本原理；西方哲学史
理解马克思,https://www.icourse163.org/course/NJU-1001571006,"200年前的1818年5月5日凌晨2点，一个男婴诞生在当时普鲁士王国的古城特利尔。这个男婴就是卡尔·马克思（1818-1883）。17年后中学毕业时，师长在毕业证书上寄语马克思“发挥才能，无负众望”。马克思显然没有让师长失望：1999年和2005年，英国广播公司（BBC）曾分别举办“千年思想家”和“古今最伟大哲学家”调查，马克思均名列第一。这些充分说明了马克思在人类历史特别是思想史上的位置。事实上，不管是赞同还是反对，马克思已经成为我们这个时代人类共有的精神财产。法国解构主义思想家雅克 • 德里达（1930-2004）因此宣称：“全世界的男男女女们，不论愿意与否，甚至知道与否，他们今天在某种程度上都是马克思和马克思主义的继承人。”
本课程将在一种当代视野中简要勾画马克思的思想历程，进而以《1844年经济学哲学手稿》、《共产党宣言》、《资本论》这三种著作为中心，在比较的视野中阐发理解马克思的方法，展现马克思的思想世界及其当代影响。
本课程是为初学者设计的通识性课程，重点在于激发学习者的认知兴趣，进而为他们可能的深入了解提供必要的思想史背景、文本研读方法和学术共识。
本课程学习的具体目标包括：
第一，了解马克思是谁？他的理论目标何在？
第二，掌握阅读马克思文本的基本方法，理解他究竟说了什么？为什么会这样说？以及他何以能够成为现代社会理论的奠基人之一？
第三，像贝奈戴托·克罗齐（1866-1952）那样去思考一个问题：在马克思的思想中，哪些依旧有生命力？哪些已经不再具有生命力？
由于马克思具有众多的思想“继承人”，所以，围绕对他思想遗产的理解和解释，人们众说纷纭、莫衷一是。有鉴于此，在本课程学习过程中，学习者将重点学习并掌握两种思想史技能：一是从马克思的生活事件中区分中具有思想史意义的事件，并将之运用对马克思思想的理解和解释；二是将马克思的思想还原到具体的历史语境中去，从而将马克思的思想从各种竞争性解释中超脱出来。
学习者将主要通过观看教学视频（每一讲含5-8段教学视频，每段教学视频8-16分钟左右）、阅读教辅材料（原著节选、期刊论文），并结合相关作业练习以及测试的形式进行自学。",南京大学,"1、张亮、周嘉昕、孙乐强：《理解马克思：卡尔·马克思的生平与核心著作导读》，人民出版社2016年版
2、中央编译局：《马克思画传》，华东师范大学出版社2005年版
3、麦克莱伦：《马克思传》，中国人民大学出版社2004年版
4、伊格尔顿：《马克思为什么是对的？》，新星出版社2011年版","马克思：“改变世界”的思想家（上）
为什么还要读马克思？
马克思的“时代”及其“时代精神”
马克思的少年时代
马克思的大学时代：走向哲学
马克思的第一次思想转变
从巴黎到布鲁塞尔：创立历史唯物主义
第一讲单元作业
马克思：“改变世界”的思想家（下）
马克思主义的公开问世
马克思的伦敦岁月
《资本论》的创作
马克思的晚年思考
马克思恩格斯关系的再认识
第二讲单元作业
《1844年经济学哲学手稿》：一个被放弃的传奇
“青年马克思”：一段思想史上的公案
《1844年经济学哲学手稿》的产生、发现和流传
围绕“私有财产”的争论
“德意志意识形态”的思想混战
“异化劳动”是什么？
“青年马克思”眼中的社会主义和共产主义
“异化”去哪儿了？
重读《1844年经济学哲学手稿》还有必要吗？
第三次单元作业
《共产党宣言》的由来
“一个幽灵，共产主义的幽灵”
《共产党宣言》的形成
资产阶级“曾起过非常革命的作用”
无产阶级是资产阶级的“掘墓人”
“消灭私有制”
透过“序言”看历史
第四次单元作业
《共产党宣言》的昨天与今天
“征服”世界的历程
共产党宣言为什么这么吸引人
阶级和阶级斗争还存在吗？
乌托邦理想依旧激动人心
《共产党宣言》在中国的传播
第一代中国共产党人与《共产党宣言》
第五次单元作业
当代视野中的《资本论》
马克思为什么写《资本论》？
什么是“政治经济学批判”？
什么是财富的源泉？
贫富差距为什么会加剧？
经济危机为什么会反复爆发？
金融危机为什么是导火索
谁是生态危机的罪魁祸首
资本主义阶段不可跨越吗？
第六次单元作业
纪念马克思诞辰200周年视频
《青年马克思》视频",无
走近中华优秀传统文化,https://www.icourse163.org/course/NJU-1002190001,"中华传统文化源远流长，博大精深，绵延五千年而未曾断绝，至今仍然焕发着蓬勃的生命力和独特的魅力。近代以来，中华传统文化与西方文化不断发生摩擦、碰撞和融合，但其精髓始终流淌在我们的民族血液中，经久不衰，历久弥新。
中华优秀传统文化是实现中华民族伟大复兴的文化根基，特别是在市场经济迅猛发展和现代化浪潮冲击下的当今社会，构建先进文化，重铸中华文明，亟需我们从中国传统文化中，从古代圣贤那里汲取营养。本课程将带领大家以真实不妄的态度“走近”中华优秀传统文化，在先贤与原典的指引下领略传统文化的真正精华，在历史与现实的思考中体会传统文化的优秀理念。
本课程分为上下两篇。上篇是基本理论篇，概要地阐述了中华优秀传统文化的地位、历史发展、主要特征、基本精神和核心理念构成，并结合中国共产党人的传统文化观及当代学习传承中华优秀传统文化的意义，阐明了如何正确认识和弘扬中华优秀传统文化。下篇是核心理念篇，具体阐释了精忠报国、以民为本、天下大同、勤俭廉政、舍生取义、仁爱孝悌、和而不同、敬业乐群、诚实守信、自强不息、厚德载物、尊师重道等十二个中华优秀传统文化中的核心理念，以经典文本为据，以古今案例为辅，深入浅出，结合日常工作、学习、生活的实际辨析传统文化的独特内涵与当代价值，切实弘扬中华传统文化传承到今的精神内核，捍卫中华传统文化中的优秀理念，筑就每一个中国人挺立的精神人格。",南京大学,"1、张亮主编：《走近中华优秀传统文化》，南京大学出版社2018年版
2、张岱年、程宜山：《中国文化精神》，北京大学出版社2015年版
3、张岂之主编：《中国传统文化（第三版）》，高等教育出版社2010年版
4、张岂之：《中华传统文化的核心理念》，江苏人民出版社2016年版
5、陈先达：《马克思主义与中国传统文化》，人民出版社2015年版
6、国务院参事室、中央文史研究馆编，袁行霈、王仲伟、陈进玉主编：《中华传统文化经典百篇》，中华书局2017年版
7、司马迁：《史记》，中华书局2014年版
8、朱熹：《四书章句集注》，中华书局2012年版","第一讲 中国传统文化的世界历史地位
1 中国传统文化的世界历史地位（上）
1 中国传统文化的世界历史地位（下）
第一讲 中国传统文化的世界历史地位
第二讲 中国传统文化的历史发展进程（萌芽奠基期）
2 中国传统文化的历史发展进程（萌芽奠基期）（上）
2 中国传统文化的历史发展进程（萌芽奠基期）（下）
第二讲 中国传统文化的历史发展进程（萌芽奠基期）
第三讲 中国传统文化的历史发展进程（发展定型期）
3 中国传统文化的历史发展进程（发展定型期）（上）
3 中国传统文化的历史发展进程（发展定型期）（下）
第三讲 中国传统文化的历史发展进程（发展定型期）
第四讲 中国传统文化的历史发展进程（近代转型期）
4 中国传统文化的历史发展进程（近代转型期）（上）
4 中国传统文化的历史发展进程（近代转型期）（下）
第四讲 中国传统文化的历史发展进程（近代转型期）
第五讲 中国传统文化的主要特征
5 中国传统文化的主要特征
第五讲 中国传统文化的主要特征
第六讲 中国共产党人论传统文化
6 中国共产党人论传统文化（上）
6 中国共产党人论传统文化（下）
第六讲 中国共产党人论传统文化
第七讲 必须正确对待中国传统文化
7 必须正确对待中国传统文化
第七讲 必须正确对待中国传统文化
第八讲 学习与传承中华优秀传统文化的意义
8 学习与传承中华优秀传统文化的意义（上）
8 学习与传承中华优秀传统文化的意义（下）
第八讲 学习与传承中华优秀传统文化的意义
第九讲 中华优秀传统文化的基本精神
9 中华优秀传统文化的基本精神
第九讲 中华优秀传统文化的基本精神
第十讲 中华优秀传统文化的核心理念
10 中华优秀传统文化的核心理念
第十讲 中华优秀传统文化的核心理念
第十一讲 精忠报国
11 精忠报国（上）
11 精忠报国（下）
第十一讲  精忠报国
第十二讲 以民为本
12 以民为本（上）
12 以民为本（下）
第十二讲 以民为本
第十三讲 天下大同
13 天下大同（上）
13 天下大同（下）
第十三讲 天下大同
第十四讲 勤俭廉政
14 勤俭廉政（上）
14 勤俭廉政（下）
第十四讲 勤俭廉政
第十五讲 舍生取义
15 舍生取义（上）
15 舍生取义（下）
第十五讲 舍生取义
第十六讲 仁爱孝悌
16 仁爱孝悌
第十六讲 仁爱孝悌
第十七讲 和而不同
17 和而不同
第十七讲 和而不同
第十八讲 敬业乐群
18 敬业乐群
第十八讲 敬业乐群
第十九讲 诚实守信
19 诚实守信
第十九讲 诚实守信
第二十讲 自强不息
20 自强不息
第二十讲 自强不息
第二十一讲 厚德载物
21 厚德载物
第二十一讲 厚德载物
第二十二讲 尊师重道
22 尊师重道
第二十二讲 尊师重道",无
周易概论,https://www.icourse163.org/course/cupl-1002604091,"本课程旨在通过理论教学,使得学生对于《周易》有一个全面且正确的理解：其一是正确认识与把握《周易》之中的专有范畴与概念的基础含义；其二是正确认识《周易》的发展历史，特别是其与中国文化之间的相互影响；其三是通过教学，引导学生在中国传统文化精神的感召下，树立正确的价值观念。
课程以教师讲述为主导，配合相应的教学课件、参考书目。考试以章节内的客观知识为主要组成部分。",中国政法大学,"1.刘大钧著：《周易概论（增补本）》，巴蜀书社。2008年10月第2版
2.刘大钧、林忠军著：《周易经传白话解》，上海古籍出版社。2006年12月第1版
3.朱伯崑著：《易学哲学史》，华夏出版社。1995年1月第1版","第一讲----《周易》文本导读
1.1 介绍《周易》基本术语
1.2 介绍《周易》发展的简明历史
1.3 了解《周易》的五大时期，两大流派，以及三重定义
1.4 掌握卦、象、人更三圣、十翼等范畴。
第二讲----《左传》《国语》中的《周易》
2.1 介绍传统古筮法
2.2 介绍《左传》《国语》中的筮例
2.3 解读《左传》《国语》中筮例的历史价值
第三讲----汉代的《周易》与天象
3.1 介绍汉代易学人物
3.2 解读汉代《周易》中的天文思想
3.3 解读“大衍之数”的天文含义
第四讲----象数与《周易》
4.1 介绍何为“象数”
4.2 解读《周易》的象数范畴
第五讲----“图”“书”与《周易》
5.1 介绍《周易》九图来历
5.2 解密“河图”来历
5.3 解密“洛书”来历
第六讲----历代《周易》典籍
6.1 王弼与《周易正义》
6.2 李鼎祚与《周易集解》
6.3 李光地与《周易折中》
6.4 《四库全书》讲易
第七讲----《系辞传》之孔子解《周易》（一）
7.1 《系辞传》中孔子解易哲学思想解读之《同人》卦
7.2 《系辞传》中孔子解易哲学思想解读之《大过》卦
7.3 传统择日方法解读
第八讲----《系辞传》之孔子解《周易》（二）
8.1 《系辞传》中孔子解易哲学思想解读之《谦》卦
8.2 《系辞传》中孔子解易哲学思想解读之《解》卦
8.3 《系辞传》中孔子解易哲学思想解读之《困》卦
8.4 《系辞传》中孔子解易哲学思想解读之《鼎》卦
8.5 《系辞传》中孔子解易哲学思想解读之《大有》卦
8.6 《系辞传》中孔子解易哲学思想解读之《益》卦
8.7 《系辞传》中孔子解易哲学思想解读之《噬嗑》卦
8.8 《系辞传》中孔子解易哲学思想解读之《否》卦
8.9 《系辞传》中孔子解易哲学思想解读之《豫》卦
8.10 《系辞传》中孔子解易哲学思想解读之《复》卦
第九讲----解读《文言传》（一）
9.1 《文言传》之“元亨利贞”中的哲学智慧
第十讲----解读《文言传》（二）
10.1 《文言传》之《乾》卦哲学智慧赏析
10.2 《文言传》之《坤》卦哲学智慧赏析",大学一年级至大学四年级水平学生
庄子的智慧,https://www.icourse163.org/course/SDU-1002626004,"庄子发现人类的机心算计是导致虚伪和争斗的根源，要求返归素朴。要人类“不开人之天，而开天之天。”所谓“人之天”就是人类因认识能力而产生的贪欲。所谓“天之天”就是人顺应生理需求，自足自乐而无贪婪的状态，就像鼹鼠喝水，喝饱则已，而无心拥有广袤的黄河之水。庄子希望人类因任自然、安于现状，反对智巧和尚贤，因为他看到了任何良好的制度或学说都会被一些自私自利之徒转化成谋取私利的工具，这就是“为之符玺以信之，则并与符玺而窃之；为之仁义以矫之，则并与仁义而窃之”。当然他也知道彻底泯除人类的智巧和争竞是不可能的，所以他呼吁人们安时处顺、去除机心、不贵难得之货，尽可能降低刺激人们的争胜心和欲望，使人们安心于朴素无华的简朴生活之中。毫无疑问，人们会说这是反科技、反现代化的。但是，我们从后工业化时代应当看到，正是这种无欲无为才能使人们淡出贪欲的漩涡，享受片刻的心灵宁静。近年来，每逢节假日，人们蜂拥到寺庙神像前或者山林之中所祈求的不正是片刻的心灵宁静吗？
本课程将以《庄子》文本为主体，辅之以《史记》、《老子》、《列子》等相关资料，通过对《庄子》中寓言、重言的剖析，以揭示出其卮言的内涵。在讲述过程中，除了对自然、逍遥、养生、无为等概念的整体把握，将关注物化、心死、天钧、天倪等容易误解的概念，以期纠正过去对庄子思想的误解。",山东大学,"參考資料：
◎《莊子集解》，王先謙，商務印書館，58年10月。
◎《莊子解》，王夫之，河洛出版社，67年9月。
◎《莊學管窺》，王叔岷，藝文印書館，67年。
◎《莊子校詮》，王叔岷，中央研究院歷史語言研究所，73年3 月。
◎《莊子今註今譯》，陳鼓應，商務印書館。
◎《莊子新釋》，張默生，樂天出版社，60年9月1日。
◎《莊子哲學探究》，陳鼓應，1975年。
◎《老莊研究》，嚴靈峰，中華書局，55年6月。
◎《老莊研究》，胡楚生，學生書局，81年。","一、道家的兴起
二、老子的道
三、老子的政治思想
四、庄子的主题和时代
五、庄子揭示真理的方法
六、逍遥游
七、齐物论
八、养生主
九、人间世
十、德充符
十一、大宗师
十二、应帝王
十三、骈拇篇
十四、马蹄篇
十五、胠篋篇
十六、在宥篇
十七、天地篇
十八、天道篇
十九、天运篇
二十、刻意篇
二十一、缮性篇
二十二、秋水篇
二十三、天下篇",
生命伦理学：生命医学科技与伦理,https://www.icourse163.org/course/SDU-1002574003,"生命伦理学(Bioethics)是20世纪60年代首先在美国，随后在欧洲产生并发展起来的一门新兴学科，也是被认为迄今为止世界上发展“最为迅速、最有生命力的交叉学科”。该学科运用种种伦理学方法，在跨学科和跨文化的条件下，对生命科学和医疗保健的伦理维度，包括道德见解、决定、行动、政策，进行系统的研究。
本课程通过对有关生命伦理问题的教与学，可以使学生了解、熟悉和掌握当代生命医学科技发展以及临床应用中引发的大量社会、伦理和法律问题，增强学生的科技伦理意识，培养学生的人文素养。",山东大学,,"第一章 当代生命科技背景下的生命伦理学
1.1 当代生命医学科技遭遇伦理问题
1.3 如何关注生命伦理问题
第一章测试
1.2 为什么人们关注生命伦理学问题
第二章 伦理学的几个理论
第二章测试
2.3 道义论
2.1 面对生命伦理问题需要伦理学理论
2.2 后果论
2.4 美德论
第三章 生命伦理原则
3.3 有利原则
3.1 生命医学伦理原则的提出
3.2 尊重原则
3.4 不伤害原则
3.5 公正原则
第三章测试
第四章 器官移植（上）
4.1 器官移植概述
4.2 器官移植引发伦理问题
4.3 如何道德地获取人体器官
第四章测试
第五章 器官移植（下）
5.1 谁应优先获得可供移植的器官
5.3 我们的伦理共识
5.2 国际伦理与中国的法律规定
第五章测试
第六章 安乐死
6.3 应该如何对待安乐死
6.2 安乐死的伦理争议
6.1 何谓安乐死
第六章测试
第七章 临终关怀
7.1 何谓临终关怀
7.2 我国的临终关怀实践
7.3 临终关怀伦理
第七章单元测试
第八章 生命维持与死亡诊断
8.3 死亡的科学宣布
8.2 生命维持技术与人的死亡
8.1 “人”的概念
第八章测试
第九章 生育控制
9.1 关于如何善待生命的伦理学理论
9.3 优生
9.2 计划生育
第九章测试
第十章 生殖技术
10.2 生殖技术引发伦理争议
10.3 生殖技术的伦理共识
10.1 何谓生殖技术
第十章测试
第十一章 人体试验
11.1 人类需要人体试验
11.2 人体试验的伦理争论
11.3 人体试验的伦理共识
第十一章测试
第十二章 艾滋病的防控
12.3 合乎伦理的艾滋病防控策略
12.2 艾滋病引发的伦理争议
12.1 艾滋病的概念
第十二章测试",
《道德经》的智慧启示,https://www.icourse163.org/course/OUC-495005,"本课以老子《道德经》八十一章为蓝本，以“知人论世”的方法生动地再现了老子《道德经》的成书过程，旁征博引地讲评了老子《道德经》对道家、养生家、医家、兵家、法家、政治家等诸家文化的思想影响及其在世界历史文化的地位，在全面系统地对《道德经》全部八十一章逐章讲解的基础上，以《易经》的原理深入浅出地阐释《道德经》深刻义理的丰厚文化根源，从《尚书》“风草以喻君民之德”的思想轨迹导出老子《道德经》“上善若水”的思想流脉，在对中国“水德”文化的历史衍变梳理中揭示老子《道德经》“上善若水”的思想与“上善若风”文化本质的一脉相承，在此基础上运用《易经》“中孚”原理揭示中国“风水”文化的真正义理所在。同时，本课高度概括地对《道德经》八十一章所总结的101条智慧启示，既针对大学生自身的生活体验程度与知识结构特点，侧重于大学生在把握规范尺度、辩证认识主客、谨言慎行修身、虚怀若谷情怀、宠辱不惊气度、和光同尘韬略、道法自然思维、道者不兵形象、平中见奇内涵、无中生有创造、锻炼养生适度、谦逊卑下不争、无私奉献精神、甘于寂寞生活、永葆童真趣味等方面进行自我修为指南，又在无为而治、奇正双修、察古鉴今、重腹轻目、抓大放小、以贵下贱、尊道贵德、让利于民、战执无兵、敢于不敢、以柔克刚、大成若缺等《道德经》的智慧启示的阐释中，开阔学生对国家治理、军事战争、文化传承、国际交往、君民关系、创意创造、为人处事、修身养性、养生健体等治国安邦理念的文化视野，更在对老子《道德经》所蕴涵的“柔道、泰道、否道、兵道”的“老子四道”对个体修为与家国治理的老子“无为而治”的道家文化总结中，升华大学生对老子《道德经》作为“万经之王”、“帝王之书”的感性顿悟与切身体会，达到“一卷《道德经》在手，天下万事皆洞晓”的思想境界，达到“得道多助、唯道是从、道者无敌”的生活、学习和事业的辉煌高度。
本课自2016年3月—2017年12月在“爱课程.中国大学MOOC”已完整开课4个学期，学生总人数为143528人。主讲教师丁玉柱于2017年1月11日获得由“爱课程”（iCourse）颁发的“中国大学MOOC 2016年度新锐奖”和“中国大学MOOC 2016年度优秀教师”。本课2017年11月被“爱课程.中国大学MOOC”评为“奖学金课程”，2017年12月15日《<道德经>的智慧启示》被教育部高等教育司认定为“2017年国家精品在线开放课程”。",中国海洋大学,《道德经讲义》（中华书局典藏本），中华书局，2013年4月版。,"第1周
第1周 测试
绪论一
绪论二
绪论三
绪论四
《道德经》第1章
《道德经》第2章
第2周
第2周测试
《道德经》第3章
《道德经》第4章
《道德经》第5章
《道德经》第6章
《道德经》第7章
第3周
第3周测试
《道德经》第8章
《道德经》第9章
《道德经》第10章
《道德经》第11章
《道德经》第12章
第4周
第4周测试
《道德经》第13章
《道德经》第14章
《道德经》第15章
《道德经》第16章
《道德经》第17章
《道德经》第18章
第5周
第5周测试
《道德经》第19章
《道德经》第20章
《道德经》第21章
《道德经》第22章
《道德经》第23章
第6周
第6周测试
《道德经》第24章
《道德经》第25章
《道德经》第26章
《道德经》第28章
《道德经》第29章
《道德经》第27章
第7周
单元测试
《道德经》第30章
《道德经》第31章
《道德经》第32章
《道德经》第33章
《道德经》第34章
《道德经》第35章
第7周作业
第8周
第8周测试
《道德经》第36章
《道德经》第37章
《道德经》第38章
《道德经》第39章
《道德经》第40章
《道德经》第41章
《道德经》第42章
第9周
第9周测试
《道德经》第43章
《道德经》第44章
《道德经》第45章
《道德经》第46章
《道德经》第47章
《道德经》第48章
《道德经》第49章
第10周
第10周测试
《道德经》第50章
《道德经》第51章
《道德经》第52章
《道德经》第53章
《道德经》第54章
《道德经》第55章
《道德经》第56章
第11周
第11周测试
《道德经》第57章
《道德经》第58章
《道德经》第59章
《道德经》第60章
《道德经》第61章
《道德经》第62章
《道德经》第63章
第12周
第12周测试
《道德经》第64章
《道德经》第65章
《道德经》第66章
《道德经》第67章
《道德经》第68章
《道德经》第69章
《道德经》第70章
第13周
第13周测试
《道德经》第71章
《道德经》第72章
《道德经》第73章
《道德经》第74章
《道德经》第75章
《道德经》第76章
《道德经》第77章
第13周作业：老子所说的“天之道”与“人之道”有何不同？
第14周
14周测试
《道德经》第78章
《道德经》第79章
《道德经》第80章
《道德经》第81章
余论
余论.柔道
余论.泰道
余论.否道
余论.兵道",高中毕业生、大中专学生、在校本科生、研究生、机关公务员、企业管理干部、各级各类学校教师
数学眼光看道家,https://www.icourse163.org/course/BUAA-1002537001,"数学，很多人认为难懂，因为它抽象。
《道德经》, 是春秋时期老子的哲学作品，不论白话翻译和注释，比数学更难懂。
本课程名曰《数学眼光看道家》,将难懂的数学加上难懂的道家,是火上加油更难懂? 还是以毒攻毒化难为易？你看了才知道！
李尚志教授是首批“国家级教学名师”奖获得者，新中国首批博士，在爱课程网上有“数学大观”视频公开课，专门用故事讲数学。比如，用峨眉山的佛光讲连续函数，用康定情歌音乐的频率讲等比数列，让抽象的数学变得有趣。
为什么要用故事讲数学？是跟着老子的“道法自然”所为。道是万事万物自身变化的规律。道法自然就是到现实世界中去寻找规律,学习规律。数学知识也是规律,也是道。通过看得见的佛光、听得见的音乐来讲数学，就是从现实世界中学习数学原理，也是道法自然。
道法自然能够用来讲数学，把抽象的数学变得自然,变得容易。当然也能够用来讲老子自己的哲学，讲道家。本课程就是尝试用生动的故事来讲道家,讲老子和庄子。并且运用数学来帮助讲老子和庄子。
其实,刚才已经讲了第一个故事：用“道法自然”帮助讲数学课的故事。这个故事已经让你们对道法自然有了一点了解,觉得道法自然很自然,没那么神秘,没那么难懂。道法自然是《道德经》中一句重要的话：人法地,地法天,天法道，道法自然。
人,地,天囊括了人们所知道的宇宙万物,他们都法道,都只能遵循道而不能违背道。
古人不知道天地怎样产生,人类怎样产生,就用神话故事说盘古开天地,女娲补天,女娲造人。老子也不知道天地和人类怎么产生,但老子不信神仙,而是坚信天、地和人类是按自身的规律产生和发展的,没有神仙砍一刀把天地分开,没有神仙捏泥巴变成人。老子的道法自然是古代的国际歌,唱的是“从来就没有什么救世主,也不靠神仙皇帝。要创造宇宙万物，全靠宇宙自己。”
讲了这个故事，“道法自然”就懂了。道德经别的话可不容易懂。比如,第一章第一句“道可道，非常道”就很难懂，很多专家学者圣人争论了两千年,至今还在争论。这六个字不难翻译：可道就是可以说出来的，常道就永恒不变的道理，非就是不，连起来就是：可以说出来的道,就不是永恒不变的道。翻译出来了,却很难接受：既然说不出来，怎么能知道它是什么？
不能用语言说出来的道理一定不能懂吗？不见得。
    梨子是什么滋味？也不能用语言解释。即使你说它是甜的，也无法解释与香蕉苹果的甜味有何区别。要知道梨子的滋味却很容易：拿一个梨子亲口尝一尝就行了。这叫做“授之以渔”,答案讲不出来，只告诉你怎样去找寻答案。
    道是万物的规律,老子不可能全都懂了来告诉你。他不懂哥白尼的日心说,不懂牛顿万有引力定律，不懂爱因斯坦的相对论。但他告诉你到哪里去寻找这些规律：道法自然，不问神仙皇帝圣人。这也是授之以渔。
  什么样的道理可以说？说道理就是论证道理的正确性,用另一个道理来论证这个道理。那个道理也需要论证。这样追溯下去,总得有个终点,它可以用来论证别的道理,它自己不能被别人论证，这叫做公理。能够被论证的道理叫做定理。公理也是不可道的常道。
常道是永恒不变的规律,可道的只是人对规律的认识,老子讲“常道不可道”就是说人类的认识与永恒的常道永远有差距，永远不可能达到。诸子百家想说服君王采纳他们的主张,需要论证他们已经完全认识了真理。老子不劝说君王,不推销自己的主张,无欲则刚,敢说真话：你们都没有完全认识真理，我也没有,以后的人也不可能完全认识。
这个道理难懂吗？不难懂,而且是现在所有科学工作者和具有科学常识的人的基本共识和入门常识。
人的认识虽然不能完全到达永恒的常道,但可以无限接近常道。用数学符号写出来就是：lim可道＝常道。还可以用文学语言写出来：可道苦苦追常道,海枯石烂无止境。
从天圆地方到托勒密的地心说,再到哥白尼的日心说，开普勒定律，牛顿万有引力定律,爱因斯坦相对论,人类的认识一步一步接近常道。但是仍然没有到达常道。现在有的人说量子理论要颠覆人类以往的认识,人类要崩溃了。即使量子理论再来修正爱因斯坦的相对论,人类也不是崩溃而是再前进一步,早就在两千五百年前老子的“道可道非常道”的预算之中。
本课程的主要特色就是陪你聊天讲故事。刚才不知不觉又讲了一个故事。前面的故事只是开胃汤。要吃沙拉和正餐,要听更多的故事，请进入我们的课程。
 ",北京航空航天大学,"陈鼓应《老子今注今译》（修订版），中华书局，2003
陈鼓应：《庄子今注今译》，中华书局，2007。
冯友兰，《中国哲学简史》，北京大学出版社，1994年版。
陈霞，《道家哲学引论》，中国社会科学出版社，2017年。
骆玉明，《骆玉明老庄随谈》，复旦大学出版社，2007年。","第一周
第一章 课程简介
第二章 哲学篇    2.1 常道不可道： 公理无须验证
第二周
第二章 哲学篇     2.4 有生于无：“无”的提出及其意义
第二章 哲学篇    2.2  常道不可道： 说不可说
第二章 哲学篇    2.3 有生于无：无形资产定成败
第三周
第二章 哲学篇    2.5 反者道之动： 乐极生悲与柳暗花明
第二章 哲学篇    2.6 反者道之动：作最坏的打算
第三章 认识论篇    3.1 知不知上：责人容易责己难
第一章和第二章测试题
第四周
第三章 认识论篇    3.3 非有公是：换位思考
第三章 认识论篇    3.2 知不知上：知道自己不知道
第三章 认识论篇    3.4 非有公是： 相对为真
第三章测试题
第五周
第五章 管理篇    5.1 无为而治： 建设江湖
第四章 科技篇    4.2 三生万物：道家关于万物起源的第一思想
第四章 科技篇    4.1 三生万物：道家与科学
第四章测试题
第六周
第五章 管理篇    5.3 圣人不死大盗不止
第五章 管理篇    5.4 为百姓呐喊
第五章 管理篇    5.2 无为而治：不折腾
第五章测试题
第七周
第六章 道德篇    6.1 上德不德： 只做好事不作秀
第六章 道德篇    6.2 天地不仁：道是无情却有情
第六章测试题
第八周
第七章 人生篇   7.2 无待逍遥、追求自由
第七章 人生篇     7.3 为而不争：只画蛇不添足
第七章 人生篇    7.1 生命诚可贵、自由价更高
第九周
第七章 人生篇    7.5 功成身退：识时务者为俊杰
第七章 人生篇    7.6 功成身退：完美人生
第七章 人生篇    7.4 为而不争：所向披靡
第十周
第七章 人生篇     7.9 鲁侯养鸟：宽容于物
第七章 人生篇    7.8 鲁侯养鸟：尊重差异
第七章 人生篇     7.7 一毛重于天下：贵人重生
第十一周
第八章  回顾总结： 高瞻远瞩，理论常青
第七章 人生篇     7.11 落拓不羁、游戏人生
第七章 人生篇     7.10 游戏人生：喜欢不需要理由
第七章和第八章测试题
第十二周    复习、考试。
复习和考试通知","中学以上水平的读者可以听懂本课程的故事,懂得一些道理,有所收获.
如果古文学得较好,能帮助你理解老子和庄子著作的原文． 
如果数学物理学得较好,能帮助你理解本课程所举的科学案例．"
马克思主义哲学原理精粹九讲,https://www.icourse163.org/course/WHU-21014,    本课程由中国杰出的马克思主义哲学家李达先生亲手创建，以武汉大学人文社会科学资深教授陶德麟先生为带头人，以教育部长江学者汪信砚教授为负责人，以武汉大学马克思主义哲学国家重点学科为依托，2007年被评为国家精品课程，2013年被评为国家精品资源共享课程，有一支朝气蓬勃的教学团队。我们将与您一道，共同撷取马克思主义哲学原理的精华，直面时代问题，批判社会疾疴，剖析人的本质与价值，探求人类社会历史发展规律，在化理论为德性、化知识为方法的过程中转识成智，使您确立正确的人生观、价值观与世界观，成为一个真正有智慧的人。,武汉大学," ‍1.汪信砚主编：《马克思主义哲学概论》，人民出版社2011年版。

  2.陶德麟、汪信砚主编：《马克思主义哲学原理》，人民出版社2010年版。

  3.本书编写组：《马克思主义哲学》，高等教育出版社、人民出版社2009年版。

 4.国家精品资源共享课“马克思主义哲学原理”课程网站

https://www.icourses.cn/coursestatic/course_3199.html

 5.武汉大学国家精品课“马克思主义哲学原理”课程网站

    https://www.toplights.cn/wdmzyl/index.aspx

 


 
 


 


 
  

  

      








     



 
 ","第1讲  哲学是什么：马克思主义的回答
1.1 哲学的对象和历史演变
1.2  哲学的性质、特点与功能
1.3  哲学的基本问题和派别
第1讲作业
第2讲  什么是马克思主义哲学：一个需要反复追问的问题
2.1  马克思主义哲学的创立及其意义
2.2  马克思主义哲学的本质和特点
2.3  马克思主义哲学的发展
第2讲作业
第3讲  马克思主义实践观：从解释世界到改造世界
3.1  实践在人与世界关系中的基础地位
3.2  实践的形式、结构和过程
3.3 实践与世界的物质统一性
3.4 实践活动的基本矛盾及其克服途径
第3讲单元测试
第4讲  马克思主义辩证法：从普遍规律到生活智慧
第4讲单元测验
4.1 唯物辩证法的理论特征
4.2 唯物辩证法的基本规律
4.3 辩证思维的方法
第5讲 马克思主义自然观： 当代生态文明的哲理基础
第5讲测验
5.1 自然哲学的演变及其变革
5.2 人化自然观
5.3 人与自然关系的历史发展和未来走向
第6讲 马克思主义社会历史观：人类生存发展的规律和坐标
6.1社会历史的产生及其本质
6.2社会结构与历史发展主体
6.3社会基本矛盾与历史发展规律
6.4社会发展与历史进步
第6讲单元测验
第7讲 马克思主义文化观：世界历史、文化传统与创新
7.1 文化哲学的演变及其变革
7.2人类对世界的文化把握
7.3文化创造和科学发展
7.4当代全球化与文化发展
第7讲测验
第8讲 马克思主义认识论与价值观：真理与价值的有机统一
8.1  认识及其辩证过程
8.2 真理及其检验标准
8.3 价值与评价
8.4  真理与价值的辩证统一
第8讲单元测验
第9讲 马克思主义人学理论：斯芬克斯之谜的科学解答
9.1 人学思想的演变及其变革
9.2 人的生存
9.3 人的本质和价值
9.4 人的发展
第9讲测验",    本课程的前导课程：哲学概论
思想道德修养与法律基础,https://www.icourse163.org/course/NJU-1001752346,“思想道德修养与法律基础”课程，是一门融思想性、政治性、科学性、理论性、实践性于一体的思想政治理论课，是帮助大学生在新时代树立正确的世界观、人生观、价值观，提高道德素质和法治素养的课程。作为一门人生“基础”课，本课程力求为各学科学生今后的人生打好基础，为学生提供基础性精神食粮，引导学生处理好道德与法律、理想与现实、个人与集体、竞争与合作、权利与义务、自由与纪律、友谊与爱情、学习与工作等的关系，促使学生思考做什么样的人，怎样做人，怎样的生活才有意义，怎样的人生追求才有价值等一系列人生课题。,南京大学,《思想道德修养与法律基础》，高等教育出版社，2018年修订版。,"绪  论 
0.1 课前问道：我的大学我做主
0.2 自学ppt
0.3 教学大纲
单元测验
单元作业
第一章 人生的青春之问
1.1 大学生人生意义的追寻
1.2 大学生人生价值的实现
1.3 人与自然和谐关系重建
1.4 自学ppt
1.5 教学大纲
单元测验
单元作业
第二章  坚定理想信念
2.1 大学生对理想信念的坚守
2.2 为什么大学生应当有信仰
2.3 自学ppt
2.4 教学大纲
单元测验
单元作业
第三章  弘扬中国精神
3.1 中国精神的民族传统与时代发展
3.2 经济全球化下的爱国主义
3.3 做忠诚的爱国者
3.4 自学ppt
3.5 教学大纲
单元测验
单元作业

第四章 践行社会主义核心价值观
4.1 社会主义核心价值观
4.2 敬业的中国文化根基
4.3 自学ppt
4.4 教学大纲
单元测验
单元作业
第五章 明大德守公德严私德
5.1 创造崇德向善的道德人生
5.2 传统美德的继承与弘扬
5.3 孝道的现代转化与创新
5.4 公德缺失的文化思考
5.5 大学生的择业观与创业观
5.6 谈谈大学生的爱情观
5.7.1 儒家的修身之道（上）
5.7.2 儒家的修身之道（下）
5.8 自学ppt
5.9 教学大纲
单元测验
单元作业
第六章 尊法学法守法用法
6.1 法律的本质与特征
6.2 如何认定婚后共同财产
6.3 中国民法总则诞生开启
6.4.1 不作为犯罪（上）
6.4.2 不作为犯罪（下）
6.5 依法治国和以德治国相结合
6.6.1 道德与法律的冲突（上）
6.6.2 道德与法律的冲突（下）
6.7 法律权利与法律义务
6.8自学ppt
6.9教学大纲
单元测验
单元作业",无
学在南哲：哲学与哲人,https://www.icourse163.org/course/NJU-1001614017,"哲学在希腊语中是指“爱智慧（philosophia）”，爱因斯坦将哲学称作“全部科学认识之母”，也有人说哲学是“一切学问的学问”。古今中外的先贤们的智慧凝结在这样一门独特的学问中，任何人都应当学哲学、用哲学。
1920年，中国第一位哲学博士刘伯明先生创办了南京高等师范学校哲学系。南大哲学系至今已走过了近百年历程，汤用彤、宗白华、方东美、唐君毅、牟宗三等大师和著名学者都曾在此任教，改革开放的理论先声《实践是检验真理的唯一标准》也从这里诞生。今天的南京大学和南大哲学系有着最优质的办学环境和教学资源，在这里学习哲学绝对是难得的体验。
本课程将重点围绕哲学的一些基本问题和南大哲学史上许多重要哲学家的思想历程，为学生展现一幅全面、系统、生动、丰富的哲学专业地图，澄清社会上流行的对哲学认知的偏见和误区，帮助大家正确地认知哲学专业和南京大学哲学系在中国近百年思想史的重要地位，积极提升学生的哲学素养和综合素质，为同学们的自由全面发展提供一个高水平的导学平台。
    因此，本课程主要围绕三个核心内容展开集中讲授：
 一、何谓哲学？哲学的作用是什么？
    通过这部分的学习，使学生形成基本的哲学认知，真正领略哲学的魅力；
二、哲学基本问题
本部分将分别选取马克思主义哲学、西方哲学、科学哲学等领域的几个基本问题，帮助学生学会如何进行哲学思考；
三、南京大学历史上的伟大哲人
本部分主要介绍南京大学哲学系的百年历史以及南哲历史上所涌现出来的伟大思想家，引导学生认识到南大哲学与南大哲人是如何与民族共思考、与国家共命运的。
 ",南京大学,,"第一讲 何为哲学（刘鹏）
第一节 何为哲学
第二节 哲学何为
第三节 作为学科的哲学
第二讲 哲学的历史演进（刘鹏）
第一节 中国哲学的历史演进
第二节 西方哲学的历史演进
第三节 作为一种当代哲学的马克思主义哲学
第三讲 马克思主义哲学（孙乐强）
第一节 马克思主义哲学的革命性变革
第二节 马克思与形而上学的终结
第三节 人类解放：马克思主义哲学的实践旨趣
第四讲 西方哲学（马迎辉）
第一节 认识你自己 
第二节 人如何认识事物的真相
第三节 什么是理性信仰
第五讲 科学哲学（刘鹏）
第一节 何为科学
第二节 科学家的职业形象
第三节 从“斯诺命题”到“科学大战”
第六讲 百年南哲（一）（刘鹏）
第一节 南哲源流
第二节 南哲肇始：刘伯明
第三节 会通中西：汤用彤
第七讲 百年南哲（二）（刘鹏）
第一节 美学人生：宗白华
第二节 东方诗哲：方东美
第三节 文化巨人：唐君毅
第八讲 百年南哲（三）（刘鹏、孟振华）
第一节 最后的独行者：牟宗三
第二节 自由主义巨擘：殷海光
第三节 研究希腊哲学的楷模：陈康
第九讲 百年南哲（四）（孟振华、刘鹏）
第一节 中国海学的开创者：熊伟
第二节 思想解放的先导：胡福明
第三节 今日南哲",无
